INSERT INTO Semester (semester_id, semester, tahun_ajaran) VALUES
(1, 'Ganjil', '2021/2022'),
(2, 'Genap', '2021/2022'),
(3, 'Ganjil', '2022/2023'),
(4, 'Genap', '2022/2023'),
(5, 'Ganjil', '2023/2024'),
(6, 'Genap', '2023/2024'),
(7, 'Ganjil', '2024/2025'),
(8, 'Genap', '2024/2025');

INSERT INTO Prodi (kd_prodi, nama_prodi) VALUES
('TI', 'Teknik Informatika'),
('SI', 'Sistem Informasi'),
('MI', 'Manajemen Informatika');

INSERT INTO Mahasiswa (NIM, nama_mahasiswa, tanggallahir, agama, jenis_kelamin, alamat, kd_prodi, semester_id) VALUES
('A00001', 'Andi Susanto', '2000-05-10', 'Islam', 'L', 'Jl. Merdeka No.1', 'TI', 1),
('A00002', 'Budi Santoso', '2001-08-15', 'Kristen', 'L', 'Jl. Sudirman No.2', 'SI', 2),
('A00003', 'Cici Handayani', '2000-11-20', 'Islam', 'P', 'Jl. Pahlawan No.3', 'MI', 1),
('A00004', 'Dewi Rahayu', '2002-03-30', 'Hindu', 'P', 'Jl. Kartini No.4', 'TI', 3),
('A00005', 'Eko Prabowo', '2001-07-25', 'Islam', 'L', 'Jl. Thamrin No.5', 'SI', 4),
('A00006', 'Fajar Wibowo', '2000-12-10', 'Buddha', 'L', 'Jl. Kenangan No.6', 'MI', 5),
('A00007', 'Gita Permata', '1999-09-15', 'Islam', 'P', 'Jl. Sudirman No.7', 'TI', 6),
('A00008', 'Hari Setiawan', '2000-04-20', 'Kristen', 'L', 'Jl. Kusuma No.8', 'SI', 7),
('A00009', 'Intan Permata', '2001-02-14', 'Hindu', 'P', 'Jl. Ahmad Yani No.9', 'MI', 8),
('A00010', 'Joko Sutanto', '1999-10-01', 'Islam', 'L', 'Jl. Sisingamangaraja No.10', 'TI', 8);

INSERT INTO Mata_Kuliah (kd_mk, matakuliah, SKS, kd_prodi, semester_id) VALUES
('MK001', 'Pemrograman Dasar', 3, 'TI', 1),
('MK002', 'Matematika Diskrit', 3, 'TI', 2),
('MK003', 'Sistem Operasi', 4, 'TI', 3),
('MK004', 'Algoritma dan Struktur Data', 3, 'TI', 4),
('MK005', 'Pemrograman Web', 3, 'SI', 1),
('MK006', 'Analisis Sistem', 3, 'SI', 2),
('MK007', 'Manajemen Proyek', 3, 'SI', 3),
('MK008', 'Database', 3, 'SI', 4),
('MK009', 'Statistika', 3, 'MI', 1),
('MK010', 'Jaringan Komputer', 3, 'MI', 2),
('MK011', 'Pemrograman Berorientasi Objek', 3, 'MI', 3),
('MK012', 'Keamanan Informasi', 3, 'MI', 4);

INSERT INTO Jadwal (jadwal_id, kd_mk, mata_kuliah, waktu) VALUES
('JAD001', 'MK001', 'Pemrograman Dasar', '2023-09-01 08:00:00'),
('JAD002', 'MK002', 'Matematika Diskrit', '2023-09-01 10:00:00'),
('JAD003', 'MK003', 'Sistem Operasi', '2023-09-01 13:00:00'),
('JAD004', 'MK004', 'Algoritma dan Struktur Data', '2023-09-01 15:00:00'),
('JAD005', 'MK005', 'Pemrograman Web', '2023-09-02 08:00:00'),
('JAD006', 'MK006', 'Analisis Sistem', '2023-09-02 10:00:00'),
('JAD007', 'MK007', 'Manajemen Proyek', '2023-09-02 13:00:00'),
('JAD008', 'MK008', 'Database', '2023-09-02 15:00:00'),
('JAD009', 'MK009', 'Statistika', '2023-09-03 08:00:00'),
('JAD010', 'MK010', 'Jaringan Komputer', '2023-09-03 10:00:00');

INSERT INTO KRS (kd_KRS, nama_mahasiswa, NIM, semester_id, kd_mk) VALUES
('KRS001', 'Andi Susanto', 'A00001', 1, 'MK001'),
('KRS002', 'Budi Santoso', 'A00002', 2, 'MK002'),
('KRS003', 'Cici Handayani', 'A00003', 1, 'MK005'),
('KRS004', 'Dewi Rahayu', 'A00004', 3, 'MK003'),
('KRS005', 'Eko Prabowo', 'A00005', 4, 'MK006'),
('KRS006', 'Fajar Wibowo', 'A00006', 5, 'MK009'),
('KRS007', 'Gita Permata', 'A00007', 6, 'MK010'),
('KRS008', 'Hari Setiawan', 'A00008', 7, 'MK011'),
('KRS009', 'Intan Permata', 'A00009', 8, 'MK012'),
('KRS010', 'Joko Sutanto', 'A00010', 8, 'MK004');

INSERT INTO Semester (semester_id, semester, tahun_ajaran)
VALUES	(1, 'Ganjil', '2023/2024'),
		(2, 'Genap', '2023/2024'),
		(3, 'Ganjil', '2024/2025'),
		(4, 'Genap', '2024/2025'),
        (5, 'Ganjil', '2025/2026'),
		(6, 'Genap', '2025/2026'),
		(7, 'Ganjil', '2027/2028'),
		(8, 'Genap', '2027/2028');

INSERT INTO Prodi (kd_prodi, nama_prodi)
VALUES	('0801', 'Teknik Infomatika'),('0802', 'Sistem Informasi');
        
INSERT INTO Mahasiswa (NIM, nama_mahasiswa, tanggallahir, agama, jenis_kelamin, alamat, kd_prodi, semester_id)
VALUES	('080101', 'Bunga', '2005-05-12', 'Islam', 'P', 'Jl. Mawar No.1', '0801', 1),
		('080201', 'Cici', '2004-06-23', 'Islam', 'P', 'Jl. Melati No.45', '0802', 2),
        ('080102', 'Rui', '2003-07-12', 'Katolik', 'L', 'Jl. Agraris No.17', '0801', 3),
        ('080202', 'Dani', '2004-12-14', 'Islam', 'L', 'Jl. Rawanya No.68', '0802', 4),
        ('080103', 'Lela', '2006-04-09', 'Hindu', 'P', 'Jl. Sudirman No.32', '0801', 5),
        ('080203', 'Kaluna', '2005-10-01', 'Islam', 'P', 'Jl. Ciruwa No.75', '0802', 6),
        ('080104', 'Rei', '2005-08-18', 'Islam', 'L', 'Jl. Rambutan No.50', '0801', 7),
        ('080204', 'Adri', '2005-03-27', 'Budha', 'L', 'Jl. Mangga No.73', '0802', 8);
        
-- Data Mata Kuliah Teknik Informatika
INSERT INTO Mata_Kuliah (kd_mk, matakuliah, SKS, kd_prodi, semester_id)
VALUES
    ('TI001', 'Algoritma dan Pemrograman', 3, '0801', 1),
    ('TI002', 'Aljabar Linier dan Matriks', 3, '0801', 1),
    ('TI003', 'Dasar Sistem Informasi', 3, '0801', 1),
    ('TI004', 'Organisasi dan Manajemen', 3, '0801', 2),
    ('TI005', 'Organisasi dan Arsitektur Komputer', 3, '0801', 2),
    ('TI006', 'Struktur Data', 3, '0801', 2),
    ('TI007', 'Matematika Diskrit', 3, '0801', 2),
    ('TI008', 'Bahasa Pemrograman', 3, '0801', 2),
    ('TI009', 'Kalkulus 1', 3, '0801', 2),
    ('TI010', 'Kalkulus 2', 3, '0801', 3),
    ('TI011', 'Desain Analisis Algoritma', 3, '0801', 3),
    ('TI012', 'Sistem Operasi', 3, '0801', 3),
    ('TI013', 'Basis Data', 3, '0801', 3),
    ('TI014', 'Rekayasa Perangkat Lunak', 3, '0801', 3),
    ('TI015', 'Pemrograman Berorientasi Objek', 3, '0801', 3),
    ('TI016', 'Manajemen Proyek Perangkat Lunak', 3, '0801', 4),
    ('TI017', 'Keamanan Informasi', 3, '0801', 4),
    ('TI018', 'Machine Learning', 3, '0801', 4),
    ('TI019', 'Arsitektur Berbasis Layanan', 3, '0801', 4),
    ('TI020', 'Internet of Things', 3, '0801', 4),
    ('TI021', 'Pemrograman Web', 3, '0801', 4),
    ('TI022', 'Jaringan Komputer', 3, '0801', 4),
    ('TI023', 'Analisis dan Perancangan Sistem Informasi', 3, '0801', 4),
    ('TI024', 'Data Warehouse', 3, '0801', 4),
    ('TI025', 'Kecerdasan Artifisial', 3, '0801', 5),
    ('TI026', 'Pemrograman Mobile', 3, '0801', 5),
    ('TI027', 'Kriptografi', 3, '0801', 5),
    ('TI028', 'Pengolahan Citra', 3, '0801', 5),
    ('TI029', 'Jaringan Mobile', 3, '0801', 5),
    ('TI030', 'Pengembangan Perangkat Lunak', 3, '0801', 5),
    ('TI031', 'Perancangan Aplikasi Mobile', 3, '0801', 5),
    ('TI032', 'Statistika', 3, '0801', 5),
    ('TI033', 'Data Mining', 3, '0801', 5),
    ('TI034', 'Isu Sosial dan Keprofesian Teknologi Informasi', 3, '0801', 6),
    ('TI035', 'Arsitektur Enterprise', 3, '0801', 6),
    ('TI036', 'Cyber Security', 3, '0801', 6),
    ('TI037', 'Mobile Application dan Teknologi', 3, '0801', 6),
    ('TI038', 'Metodologi Penelitian', 3, '0801', 6),
    ('TI039', 'Interaksi Manusia Komputer', 3, '0801', 6),
    ('TI040', 'Big Data', 3, '0801', 6),
    ('TI041', 'Sistem Basis Data Terdistribusi', 3, '0801', 7),
    ('TI042', 'Jaringan Komputer Lanjut', 3, '0801', 7),
    ('TI043', 'Kapita Selekta Informatika', 3, '0801', 7),
    ('TI044', 'Software Quality Assurance', 3, '0801', 7),
    ('TI045', 'Game Development', 3, '0801', 7),
    ('TI046', 'Seminar Proposal', 2, '0801', 7),
    ('TI047', 'Tugas Akhir', 6, '0801', 8);

-- Data Mata Kuliah Sistem Informasi
INSERT INTO Mata_Kuliah (kd_mk, matakuliah, SKS, kd_prodi, semester_id)
VALUES
    ('SI001', 'Algoritma dan Pemrograman', 3, '0802', 1),
    ('SI002', 'Dasar Sistem Informasi', 3, '0802', 1),
    ('SI003', 'Aljabar Linier dan Matriks', 3, '0802', 1),
    ('SI004', 'Bahasa Inggris 1', 3, '0802', 1),
    ('SI005', 'Bahasa Indonesia', 2, '0802', 1),
    ('SI006', 'Pendidikan Kewarganegaraan', 2, '0802', 1),
    ('SI007', 'Pendidikan Pancasila', 2, '0802', 1),
    ('SI008', 'Pemodelan Proses Bisnis', 3, '0802', 2),
    ('SI009', 'Analisis Kebutuhan Informasi', 3, '0802', 2),
    ('SI010', 'Struktur Data', 3, '0802', 2),
    ('SI011', 'Organisasi dan Manajemen', 3, '0802', 2),
    ('SI012', 'Organisasi dan Arsitektur Komputer', 3, '0802', 2),
    ('SI013', 'Matematika Diskrit', 3, '0802', 2),
    ('SI014', 'Sistem Informasi Enterprise', 3, '0802', 3),
    ('SI015', 'Manajemen Sumber Daya Informasi', 3, '0802', 3),
    ('SI016', 'Pemrograman Berorientasi Objek', 3, '0802', 3),
    ('SI017', 'Basis Data', 3, '0802', 3),
    ('SI018', 'Sistem Operasi', 3, '0802', 3),
    ('SI019', 'Rekayasa Perangkat Lunak', 3, '0802', 3),
    ('SI020', 'Kewirausahaan 1', 3, '0802', 3),
    ('SI021', 'Metode Sampling dan Survei SI', 3, '0802', 4),
    ('SI022', 'Manajemen Proyek Sistem Informasi', 3, '0802', 4),
    ('SI023', 'Integrasi dan Kustomisasi ERP', 3, '0802', 4),
    ('SI024', 'Pemrograman Web', 3, '0802', 4),
    ('SI025', 'Jaringan Komputer', 3, '0802', 4),
    ('SI026', 'Analisis dan Perancangan Sistem Informasi', 3, '0802', 4),
    ('SI027', 'Data Warehouse', 3, '0802', 4),
    ('SI028', 'Infrastruktur dan Manajemen Layanan TI', 3, '0802', 5),
    ('SI029', 'E-Bisnis', 3, '0802', 5),
    ('SI030', 'Audit dan Kendali Sistem Informasi', 3, '0802', 5),
    ('SI031', 'Arsitektur Enterprise', 3, '0802', 5),
    ('SI032', 'Analisis Resiko Sistem Informasi', 3, '0802', 5),
    ('SI033', 'Implementasi Sistem Informasi', 3, '0802', 5),
    ('SI034', 'Rekayasa Layanan', 3, '0802', 5),
    ('SI035', 'Statistik', 3, '0802', 5),
    ('SI036', 'Data Mining', 3, '0802', 5),
    ('SI037', 'Isu Sosial dan Keprofesian Sistem Informasi', 3, '0802', 6),
    ('SI038', 'Evaluasi Sistem Informasi', 3, '0802', 6),
    ('SI039', 'Jaminan dan Keamanan Informasi', 3, '0802', 6),
    ('SI040', 'Masyarakat Virtual', 3, '0802', 6),
    ('SI041', 'Internet of Things', 3, '0802', 6),
    ('SI042', 'Metodologi Penelitian', 3, '0802', 6),
    ('SI043', 'Interaksi Manusia Komputer', 3, '0802', 6),
    ('SI044', 'Big Data', 3, '0802', 6),
    ('SI045', 'Manajemen Pengetahuan', 3, '0802', 7),
    ('SI046', 'Kapita Selekta Sistem Informasi', 3, '0802', 7),
    ('SI047', 'IT untuk Pemulihan Bencana', 3, '0802', 7),
    ('SI048', 'Intelegensia Bisnis', 3, '0802', 7),
    ('SI049', 'Seminar Proposal', 2, '0802', 7),
    ('SI050', 'Tugas Akhir', 6, '0802', 8);
        
-- TI
INSERT INTO Jadwal (jadwal_id, kd_mk, mata_kuliah, waktu)
VALUES	('JD001', '0001', 'Algorithma dan Pemrograman', '2024-09-05 08:00:00'),
		('JD002', '0002', 'Aljabar Linier dan Matriks', '2024-09-05 10:00:00'),
		('JD003', '0003', 'Dasar Sistem Information', '2024-09-06 13:00:00'),
		('JD004', '0004', 'Organisasi dan Manajemen', '2024-09-07 09:00:00'),
		('JD005', '0005', 'Organisasi dan Arsitektur Komputer', '2024-09-08 11:00:00'),
		('JD006', '0006', 'Struktur Data', '2024-09-09 08:00:00'),
		('JD007', '0007', 'Matematika Diskrit', '2024-09-09 10:00:00'),
		('JD008', '0008', 'Bahasa Pemrograman', '2024-09-10 13:00:00'),
		('JD009', '0009', 'Kalkulus 1', '2024-09-11 08:00:00'),
		('JD010', '0010', 'Kalkulus 2', '2024-09-12 09:00:00'),
		('JD011', '0011', 'Desain Analisis Algorithma', '2024-09-12 11:00:00'),
		('JD012', '0012', 'Sistem Operasi', '2024-09-13 08:00:00'),
		('JD013', '0013', 'Basis Data', '2024-09-14 10:00:00'),
		('JD014', '0014', 'Rekayasa Perangkat Lunak', '2024-09-15 09:00:00'),
		('JD015', '0015', 'Pemrograman Berorientasi Objek', '2024-09-15 13:00:00'),
		('JD016', '0016', 'Manajemen Proyek Perangkat Lunak', '2024-09-16 08:00:00'),
		('JD017', '0017', 'Keamanan Informasi', '2024-09-17 09:00:00'),
		('JD018', '0018', 'Machine Learning', '2024-09-17 11:00:00'),
		('JD019', '0019', 'Arsitektur Berbasis Layanan', '2024-09-18 08:00:00'),
		('JD020', '0020', 'Internet of Things', '2024-09-18 10:00:00'),
		('JD021', '0021', 'Pemrograman Web', '2024-09-19 09:00:00'),
		('JD022', '0022', 'Jaringan Komputer', '2024-09-19 11:00:00'),
		('JD023', '0023', 'Analisis dan Perancangan Sistem Informasi', '2024-09-20 08:00:00'),
		('JD024', '0024', 'Data Warehouse', '2024-09-21 09:00:00'),
		('JD025', '0025', 'Kecerdasan Artifisial', '2024-09-21 11:00:00'),
		('JD026', '0026', 'Pemrograman Mobile', '2024-09-22 08:00:00'),
		('JD027', '0027', 'Kriptografi', '2024-09-23 09:00:00'),
		('JD028', '0028', 'Pengolahan Citra', '2024-09-23 11:00:00'),
		('JD029', '0029', 'Jaringan Mobile', '2024-09-24 08:00:00'),
		('JD030', '0030', 'Pengembangan Perangkat Lunak', '2024-09-24 10:00:00'),
		('JD031', '0031', 'Perancangan Aplikasi Mobile', '2024-09-25 08:00:00'),
		('JD032', '0032', 'Statistika', '2024-09-26 09:00:00'),
		('JD033', '0033', 'Data Mining', '2024-09-26 11:00:00'),
		('JD034', '0034', 'Isu Sosial dan Keprofesian Teknologi Informasi', '2024-09-27 08:00:00'),
		('JD035', '0035', 'Arsitektur Enterprise', '2024-09-27 10:00:00'),
		('JD036', '0036', 'Cyber Security', '2024-09-28 08:00:00'),
		('JD037', '0037', 'Mobile Application dan Teknologi', '2024-09-29 09:00:00'),
		('JD038', '0038', 'Metodologi Penelitian', '2024-09-30 08:00:00'),
		('JD039', '0039', 'Interaksi Manusia Komputer', '2024-09-30 10:00:00'),
		('JD040', '0040', 'Big Data', '2024-10-01 08:00:00'),
		('JD041', '0041', 'Sistem Basis Data Terdistribusi', '2024-10-02 09:00:00'),
		('JD042', '0042', 'Jaringan Komputer Lanjut', '2024-10-02 11:00:00'),
		('JD043', '0043', 'Kapitaselekta Informatika', '2024-10-03 08:00:00'),
		('JD044', '0044', 'Software Quality Assurance', '2024-10-04 09:00:00'),
		('JD045', '0045', 'Game Development', '2024-10-04 11:00:00'),
		('JD046', '0046', 'Seminar Proposal', '2024-10-05 08:00:00'),
		('JD047', '0047', 'Tugas Akhir', '2024-10-06 08:00:00');
        
-- SI
INSERT INTO Jadwal (jadwal_id, kd_mk, mata_kuliah, waktu)
VALUES
    ('JD048', 'SI001', 'Algoritma dan Pemrograman', '2024-10-07 08:00:00'),
    ('JD049', 'SI002', 'Dasar Sistem Informasi', '2024-10-07 10:00:00'),
    ('JD050', 'SI003', 'Aljabar Linier dan Matriks', '2024-10-08 08:00:00'),
    ('JD051', 'SI004', 'Bahasa Inggris 1', '2024-10-08 10:00:00'),
    ('JD052', 'SI005', 'Bahasa Indonesia', '2024-10-09 08:00:00'),
    ('JD053', 'SI006', 'Pendidikan Kewarganegaraan', '2024-10-09 10:00:00'),
    ('JD054', 'SI007', 'Pendidikan Pancasila', '2024-10-10 08:00:00'),
    ('JD055', 'SI008', 'Pemodelan Proses Bisnis', '2024-10-11 08:00:00'),
    ('JD056', 'SI009', 'Analisis Kebutuhan Informasi', '2024-10-11 10:00:00'),
    ('JD057', 'SI010', 'Struktur Data', '2024-10-12 08:00:00'),
    ('JD058', 'SI011', 'Organisasi dan Manajemen', '2024-10-12 10:00:00'),
    ('JD059', 'SI012', 'Organisasi dan Arsitektur Komputer', '2024-10-13 08:00:00'),
    ('JD060', 'SI013', 'Matematika Diskrit', '2024-10-13 10:00:00'),
    ('JD061', 'SI014', 'Sistem Informasi Enterprise', '2024-10-14 08:00:00'),
    ('JD062', 'SI015', 'Manajemen Sumber Daya Informasi', '2024-10-14 10:00:00'),
    ('JD063', 'SI016', 'Pemrograman Berorientasi Objek', '2024-10-15 08:00:00'),
    ('JD064', 'SI017', 'Basis Data', '2024-10-15 10:00:00'),
    ('JD065', 'SI018', 'Sistem Operasi', '2024-10-16 08:00:00'),
    ('JD066', 'SI019', 'Rekayasa Perangkat Lunak', '2024-10-16 10:00:00'),
    ('JD067', 'SI020', 'Kewirausahaan 1', '2024-10-17 08:00:00'),
    ('JD068', 'SI021', 'Metode Sampling dan Survei SI', '2024-10-17 10:00:00'),
    ('JD069', 'SI022', 'Manajemen Proyek Sistem Informasi', '2024-10-18 08:00:00'),
    ('JD070', 'SI023', 'Integrasi dan Kustomisasi ERP', '2024-10-18 10:00:00'),
    ('JD071', 'SI024', 'Pemrograman Web', '2024-10-19 08:00:00'),
    ('JD072', 'SI025', 'Jaringan Komputer', '2024-10-19 10:00:00'),
    ('JD073', 'SI026', 'Analisis dan Perancangan Sistem Informasi', '2024-10-20 08:00:00'),
    ('JD074', 'SI027', 'Data Warehouse', '2024-10-20 10:00:00'),
    ('JD075', 'SI028', 'Infrastruktur dan Manajemen Layanan TI', '2024-10-21 08:00:00'),
    ('JD076', 'SI029', 'E-Bisnis', '2024-10-21 10:00:00'),
    ('JD077', 'SI030', 'Audit dan Kendali Sistem Informasi', '2024-10-22 08:00:00'),
    ('JD078', 'SI031', 'Arsitektur Enterprise', '2024-10-22 10:00:00'),
    ('JD079', 'SI032', 'Analisis Resiko Sistem Informasi', '2024-10-23 08:00:00'),
    ('JD080', 'SI033', 'Implementasi Sistem Informasi', '2024-10-23 10:00:00'),
    ('JD081', 'SI034', 'Rekayasa Layanan', '2024-10-24 08:00:00'),
    ('JD082', 'SI035', 'Statistik', '2024-10-24 10:00:00'),
    ('JD083', 'SI036', 'Data Mining', '2024-10-25 08:00:00'),
    ('JD084', 'SI037', 'Isu Sosial dan Keprofesian Sistem Informasi', '2024-10-25 10:00:00'),
    ('JD085', 'SI038', 'Evaluasi Sistem Informasi', '2024-10-26 08:00:00'),
    ('JD086', 'SI039', 'Jaminan dan Keamanan Informasi', '2024-10-26 10:00:00'),
    ('JD087', 'SI040', 'Masyarakat Virtual', '2024-10-27 08:00:00'),
    ('JD088', 'SI041', 'Internet of Things', '2024-10-27 10:00:00'),
    ('JD089', 'SI042', 'Metodologi Penelitian', '2024-10-28 08:00:00'),
    ('JD090', 'SI043', 'Interaksi Manusia Komputer', '2024-10-28 10:00:00'),
    ('JD091', 'SI044', 'Big Data', '2024-10-29 08:00:00'),
    ('JD092', 'SI045', 'Manajemen Pengetahuan', '2024-10-29 10:00:00'),
    ('JD093', 'SI046', 'Kapita Selekta Sistem Informasi', '2024-10-30 08:00:00'),
    ('JD094', 'SI047', 'IT untuk Pemulihan Bencana', '2024-10-30 10:00:00'),
    ('JD095', 'SI048', 'Intelegensia Bisnis', '2024-10-31 08:00:00'),
    ('JD096', 'SI049', 'Seminar Proposal', '2024-10-31 10:00:00'),
    ('JD097', 'SI050', 'Tugas Akhir', '2024-11-01 08:00:00');

INSERT INTO KRS (kd_KRS, NIM, semester_id, kd_mk)
VALUES ('KRS001', '080101', 1, 'TI001'),
       ('KRS002', '080201', 2, 'SI002'),
       ('KRS003', '080102', 3, 'TI010'),
       ('KRS004', '080202', 4, 'SI017'),
       ('KRS005', '080103', 5, 'TI001'),
       ('KRS006', '080203', 6, 'SI002'),
       ('KRS007', '080104', 7, 'TI010'),
       ('KRS008', '080204', 8, 'SI017');